aine_kood,nimi_et,nimi_en,eap,semester,oppekeeled,linn,oppeaste,hindamisskaala,oppeviis,valdkond,instituut,kirjeldus_et,kirjeldus_en,eesmark_et,eesmark_en,oppivaaljundid_et,oppivaaljundid_en,hindamine_info,eeldusained,oppejoud,description
OIEO.06.046,Rahvusvaheline eraõigus,Private International Law,6.0,kevad,eesti keel,Tartu linn,magistriõpe,"Eristav (A, B, C, D, E, F, mi)",põimõpe,sotsiaalteaduste valdkond,eraõiguse osakond,"Kursuse raames käsitletakse rahvusvahelise eraõiguse põhiteemasid, terminoloogiat ja kujunemist, tutvustatakse ja õpetatakse praktikas kasutama Eestis kehtivaid rahvusvahelise kohtualluvuse ja kohaldatava õiguse kindlaksmääramise instrumente ja nende olulisemaid norme (Haagi konventsioonid, muud Eesti Vabariigile siduvaid välislepingud, EL õigusaktid ja riigisisene õigus).","The course covers the main topics of private international law (PIL), its terminology and development. The instruments which govern the determination of international jurisdiction and the applicable law in Estonia, as well as their most relevant norms, will be covered with the aim of teaching students to use them in practice (the Hague conventions, other international agreements that are binding to the Republic of Estonia, relevant EU law and Estonian legal acts).","Õppeaine üldiseks eesmärgiks on õpetada rahvusvahelise eraõiguse teoreetilisi alusteadmisi; selgitada rahvusvahelise eraõiguse põhimõtete ja põhiinstituutide kujunemist, nende olemust ja vastastikuseid seoseid; anda ülevaade rahvusvahelise eraõiguse põhiteemadest ja terminoloogiast; õpetada üliõpilasi kasutama rahvusvahelise eraõiguse instrumente, tegemaks kindlaks vaidluse rahvusvaheline kohtualluvus ja sellele kohaldatav õigus ning hindamaks välisriigi kohtulahendite tunnustamise ja täitmise võimalusi Eestis.","The purpose of the course is to teach the theoretical principles of private international law (PIL); to explain the key-notions of PIL and the development of its main institutes; to give an understanding of the main fields and terminology of PIL; to teach students to use the instruments of PIL to determine the international jurisdiction of courts and the applicable law to a given dispute, as well as to assess the possibilities of recognizing and enforcing foreign judgments in Estonia.",Kursuse lõpuks peab üliõpilane olema võimeline: - selgitama rahvusvahelise eraõiguse põhiinstituutide ja üldpõhimõtete olemust ning nende vastastikuseid seoseid; - mõistma rahvusvahelise eraõiguse erinevaid valdkondi ning neis kehtestatud normide kohaldamise spetsiifikat; - kohaldama rahvusvahelise eraõiguse norme vastavate instituutidega seotud vaidluste lahendamisel (esitades korrektse õigusliku arvamuse); - kasutama olemasolevat õiguskirjandust ja kohtupraktikat kaasuste lahendamisel; - rakendama erinevaid tõlgendusmeetodeid rahvusvahelise eraõiguse normi sisu ja eesmärkide selgitamiseks.,At the end of the course the student is able to: - explain the nature of the main institutes of the international private law; - understand the different parts of the international private law and their specific features in case of application those principles; - apply and use the norms of international private law by solving the cases (to present a written legal argumentation); - use the legal literature and the case law by solving the cases; - apply and use different methods of interpretation in order to explain the content and the aim of the norms of international private law.,"Miinimumnõuded: Aktiivne osalemine seminarides.
Hindamismeetod: 100% kirjalik eksam.",,Gea Lepik,"Ainekood: OIEO.06.046
Nimi (ET): Rahvusvaheline eraõigus
Name (EN): Private International Law
EAP: 6.0
Semester: kevad
Õppekeeled: eesti keel
Linn: Tartu linn
Õppeaste: magistriõpe
Hindamisskaala: Eristav (A, B, C, D, E, F, mi)
Õppeviis: põimõpe
Valdkond: sotsiaalteaduste valdkond
Instituut: eraõiguse osakond
Kirjeldus (ET): Kursuse raames käsitletakse rahvusvahelise eraõiguse põhiteemasid, terminoloogiat ja kujunemist, tutvustatakse ja õpetatakse praktikas kasutama Eestis kehtivaid rahvusvahelise kohtualluvuse ja kohaldatava õiguse kindlaksmääramise instrumente ja nende olulisemaid norme (Haagi konventsioonid, muud Eesti Vabariigile siduvaid välislepingud, EL õigusaktid ja riigisisene õigus).
Description (EN): The course covers the main topics of private international law (PIL), its terminology and development. The instruments which govern the determination of international jurisdiction and the applicable law in Estonia, as well as their most relevant norms, will be covered with the aim of teaching students to use them in practice (the Hague conventions, other international agreements that are binding to the Republic of Estonia, relevant EU law and Estonian legal acts).
Eesmargid (ET): Õppeaine üldiseks eesmärgiks on õpetada rahvusvahelise eraõiguse teoreetilisi alusteadmisi; selgitada rahvusvahelise eraõiguse põhimõtete ja põhiinstituutide kujunemist, nende olemust ja vastastikuseid seoseid; anda ülevaade rahvusvahelise eraõiguse põhiteemadest ja terminoloogiast; õpetada üliõpilasi kasutama rahvusvahelise eraõiguse instrumente, tegemaks kindlaks vaidluse rahvusvaheline kohtualluvus ja sellele kohaldatav õigus ning hindamaks välisriigi kohtulahendite tunnustamise ja täitmise võimalusi Eestis.
Objectives (EN): The purpose of the course is to teach the theoretical principles of private international law (PIL); to explain the key-notions of PIL and the development of its main institutes; to give an understanding of the main fields and terminology of PIL; to teach students to use the instruments of PIL to determine the international jurisdiction of courts and the applicable law to a given dispute, as well as to assess the possibilities of recognizing and enforcing foreign judgments in Estonia.
Opiväljundid (ET): Kursuse lõpuks peab üliõpilane olema võimeline: - selgitama rahvusvahelise eraõiguse põhiinstituutide ja üldpõhimõtete olemust ning nende vastastikuseid seoseid; - mõistma rahvusvahelise eraõiguse erinevaid valdkondi ning neis kehtestatud normide kohaldamise spetsiifikat; - kohaldama rahvusvahelise eraõiguse norme vastavate instituutidega seotud vaidluste lahendamisel (esitades korrektse õigusliku arvamuse); - kasutama olemasolevat õiguskirjandust ja kohtupraktikat kaasuste lahendamisel; - rakendama erinevaid tõlgendusmeetodeid rahvusvahelise eraõiguse normi sisu ja eesmärkide selgitamiseks.
Learning outcomes (EN): At the end of the course the student is able to: - explain the nature of the main institutes of the international private law; - understand the different parts of the international private law and their specific features in case of application those principles; - apply and use the norms of international private law by solving the cases (to present a written legal argumentation); - use the legal literature and the case law by solving the cases; - apply and use different methods of interpretation in order to explain the content and the aim of the norms of international private law.
Hindamise info: Miinimumnõuded: Aktiivne osalemine seminarides.
Hindamismeetod: 100% kirjalik eksam.
Oppejoud: Gea Lepik"
KKSB.05.092,Praktiseerimine töökeskkonnas,Practice in the Work Environment,3.0,kevad,eesti keel,Tartu linn,bakalaureuseõpe,"Eristamata (arv, m.arv, mi)",põimõpe,meditsiiniteaduste valdkond,sporditeaduste ja füsioteraapia instituut,Aines Praktiseerimine töökeskkonnas laiendab üliõpilane oma silmaringi füsioteraapia valdkonnas toimetades töökeskkonnas vabatahtlikuna.,Subject Practicing in the work environment the students expand their knowledge in the field of physiotherapy by volunteering in the work environment.,Aine eesmärgiks on töökogemuse omandamine töökeskkonnas,The aim of practice is gaining work experience in the work environment,"Õpilane: mõistab ja järgib töökeskkonnas tööeetikat ja-korraldust; oskab teha meeskonnatööd ning analüüsib oma rolli selles; hindab ja analüüsib oma erialaste teadmiste ja oskuste arengut töökeskkonnas toimetamisel. Ainekursus Praktiseerimine töökeskkonnas on seotud muuhulgas ka karjääriplaneerimise osadega nagu eneseanalüüs (nt oskab erialast kogemust analüüsida ja mõtestada), võimaluste tundmine (nt omab ettekujutust oma erialaga seotud elukutsete erialasest identiteedist) ja planeerimine (nt oskus oma tööaega planeerida).","Student: understands and follows the work ethic and organization in the work environment;; can do teamwork and analyze his/her role in it; evaluate and analyze the development of his/her professional knowledge and skills in practice. The practice is related to the parts of career planning such as self-analysis (eg ability to analyze and interpret professional experience), knowledge of possibilities (eg have an idea of the professional identity of professions related to their specialty) and planning (eg ability to plan their working time).",Miinimumnõuded: Nõutava tähtaegne esitamine,,Kadri Medijainen,"Ainekood: KKSB.05.092
Nimi (ET): Praktiseerimine töökeskkonnas
Name (EN): Practice in the Work Environment
EAP: 3.0
Semester: kevad
Õppekeeled: eesti keel
Linn: Tartu linn
Õppeaste: bakalaureuseõpe
Hindamisskaala: Eristamata (arv, m.arv, mi)
Õppeviis: põimõpe
Valdkond: meditsiiniteaduste valdkond
Instituut: sporditeaduste ja füsioteraapia instituut
Kirjeldus (ET): Aines Praktiseerimine töökeskkonnas laiendab üliõpilane oma silmaringi füsioteraapia valdkonnas toimetades töökeskkonnas vabatahtlikuna.
Description (EN): Subject Practicing in the work environment the students expand their knowledge in the field of physiotherapy by volunteering in the work environment.
Eesmargid (ET): Aine eesmärgiks on töökogemuse omandamine töökeskkonnas
Objectives (EN): The aim of practice is gaining work experience in the work environment
Opiväljundid (ET): Õpilane: mõistab ja järgib töökeskkonnas tööeetikat ja-korraldust; oskab teha meeskonnatööd ning analüüsib oma rolli selles; hindab ja analüüsib oma erialaste teadmiste ja oskuste arengut töökeskkonnas toimetamisel. Ainekursus Praktiseerimine töökeskkonnas on seotud muuhulgas ka karjääriplaneerimise osadega nagu eneseanalüüs (nt oskab erialast kogemust analüüsida ja mõtestada), võimaluste tundmine (nt omab ettekujutust oma erialaga seotud elukutsete erialasest identiteedist) ja planeerimine (nt oskus oma tööaega planeerida).
Learning outcomes (EN): Student: understands and follows the work ethic and organization in the work environment;; can do teamwork and analyze his/her role in it; evaluate and analyze the development of his/her professional knowledge and skills in practice. The practice is related to the parts of career planning such as self-analysis (eg ability to analyze and interpret professional experience), knowledge of possibilities (eg have an idea of the professional identity of professions related to their specialty) and planning (eg ability to plan their working time).
Hindamise info: Miinimumnõuded: Nõutava tähtaegne esitamine
Oppejoud: Kadri Medijainen"
ARKI.02.030,Lastekirurgia,Paediatric Surgery,2.25,sügis,inglise keel,Tartu linn,integreeritud bakalaureuse- ja magistriõpe,"Eristamata (arv, m.arv, mi)",põimõpe,meditsiiniteaduste valdkond,kirurgiakliinik,"Lastekirurgiliste haiguste diagnoosimise ja ravi printsiibid, metoodika ja taktika. Antud aine moodustab ühe osa õppeainest ""Kirurgia"" (12 EAP)","Diagnostic and treatment principles, methods and tactics of surgical diseases in children. The course is a part of the subject ""Surgery"" (12 CP).","Anda teoreetilisi teadmisi lastekirurgia alustest (laste üldkirurgia, vastsündinute kirurgia, onkoloogia), traumatoloogiliste ja uroloogiliste haiguste iseärasustest lapseeas.","The aims of the course are: to provide theoretical knowledge of the basics of paediatric surgery (general pediatric surgery, surgery of newborns, paediatric oncology); to provide theoretical knowledge of the pecularities of traumatology and urology in childhood","Õppe tulemusena peavad üliõpilased teadma: 1) sagedamini esinevate lastekirurgiliste haiguste epidemioloogiat, etioloogiat, patogeneesi ja profülaktikat ; 2) nende haiguste kliinilist pilti ja võimalikke tüsistusi; 3) haigete uurimise kaasaegseid kliinilisi meetodeid; 4) ravimeetodeid, sh operatiivne ravi, nende kasutamise näidustusi ja operatiivse ravi tähtaegu. Õppe tulemusena peavad üliõpilased oskama: 1) võtta anamneesi, läbi viima kliinilisi uurimisi lastekirurgilistel haigetel ja analüüsima laste kliinilise uurimise tulemusi; 2) koostada plaani lastekirurgiliste haiguste uuringuteks ning analüüsima tulemusi; 3) formuleerima kliinilist diagnoosi, seda põhjendama diferentsiaaldiagnoosi põhjal; 4) formuleerima näidustused konservatiivseks ja operatiivseks raviks.","After completing the course the student knows 1) the epidemiology, etiology, pathogenesis and prophylaxis of more frequent surgical diseases in children; 2) the clinical picture and possible complications of surgical diseases in children; 3) contemporary clinical methods of patient investigation; 4) treatment methods, incl operative treatment, and indications for their usage, as well as time limits of operative treatment; The student is able to 1) take the anamnesis, carry out clinical examinations of a paediatric surgery patient and to analyse the results of paediatric clinical tests; 2) draw up a plan for examinations and analyse their results; 3) make clinical diagnosis, explain it on the basis of differential diagnosis; 4) determine indications for conservative or surgical treatment;","Miinimumnõuded: Participation in practical classes; max 1 absence
Hindamismeetod: A part of the complec exam ""Surgery""",AR00.00.016 (Diagnostika alused),"Jekaterina Nerman, Jürgen Rünk, Pille-Riin Värk, Ragnar Lõivukene, Viljo Kübarsepp","Ainekood: ARKI.02.030
Nimi (ET): Lastekirurgia
Name (EN): Paediatric Surgery
EAP: 2.25
Semester: sügis
Õppekeeled: inglise keel
Linn: Tartu linn
Õppeaste: integreeritud bakalaureuse- ja magistriõpe
Hindamisskaala: Eristamata (arv, m.arv, mi)
Õppeviis: põimõpe
Valdkond: meditsiiniteaduste valdkond
Instituut: kirurgiakliinik
Kirjeldus (ET): Lastekirurgiliste haiguste diagnoosimise ja ravi printsiibid, metoodika ja taktika. Antud aine moodustab ühe osa õppeainest ""Kirurgia"" (12 EAP)
Description (EN): Diagnostic and treatment principles, methods and tactics of surgical diseases in children. The course is a part of the subject ""Surgery"" (12 CP).
Eesmargid (ET): Anda teoreetilisi teadmisi lastekirurgia alustest (laste üldkirurgia, vastsündinute kirurgia, onkoloogia), traumatoloogiliste ja uroloogiliste haiguste iseärasustest lapseeas.
Objectives (EN): The aims of the course are: to provide theoretical knowledge of the basics of paediatric surgery (general pediatric surgery, surgery of newborns, paediatric oncology); to provide theoretical knowledge of the pecularities of traumatology and urology in childhood
Opiväljundid (ET): Õppe tulemusena peavad üliõpilased teadma: 1) sagedamini esinevate lastekirurgiliste haiguste epidemioloogiat, etioloogiat, patogeneesi ja profülaktikat ; 2) nende haiguste kliinilist pilti ja võimalikke tüsistusi; 3) haigete uurimise kaasaegseid kliinilisi meetodeid; 4) ravimeetodeid, sh operatiivne ravi, nende kasutamise näidustusi ja operatiivse ravi tähtaegu. Õppe tulemusena peavad üliõpilased oskama: 1) võtta anamneesi, läbi viima kliinilisi uurimisi lastekirurgilistel haigetel ja analüüsima laste kliinilise uurimise tulemusi; 2) koostada plaani lastekirurgiliste haiguste uuringuteks ning analüüsima tulemusi; 3) formuleerima kliinilist diagnoosi, seda põhjendama diferentsiaaldiagnoosi põhjal; 4) formuleerima näidustused konservatiivseks ja operatiivseks raviks.
Learning outcomes (EN): After completing the course the student knows 1) the epidemiology, etiology, pathogenesis and prophylaxis of more frequent surgical diseases in children; 2) the clinical picture and possible complications of surgical diseases in children; 3) contemporary clinical methods of patient investigation; 4) treatment methods, incl operative treatment, and indications for their usage, as well as time limits of operative treatment; The student is able to 1) take the anamnesis, carry out clinical examinations of a paediatric surgery patient and to analyse the results of paediatric clinical tests; 2) draw up a plan for examinations and analyse their results; 3) make clinical diagnosis, explain it on the basis of differential diagnosis; 4) determine indications for conservative or surgical treatment;
Hindamise info: Miinimumnõuded: Participation in practical classes; max 1 absence
Hindamismeetod: A part of the complec exam ""Surgery""
Eeldusained: AR00.00.016 (Diagnostika alused)
Oppejoud: Jekaterina Nerman, Jürgen Rünk, Pille-Riin Värk, Ragnar Lõivukene, Viljo Kübarsepp"
LOFY.04.041,Kvantväljateooria,Quantum Field Theory,6.0,kevad,eesti keel,,"magistriõpe, doktoriõpe","Eristav (A, B, C, D, E, F, mi)",põimõpe,loodus- ja täppisteaduste valdkond,teoreetilise füüsika osakond,"Loengukursuses esitatakse süstemaatiline sissejuhatus kvantväljateooriasse. Lähtudes variatsioon- ja sümmeetriaprintsiipidest tuuakse sisse klassikalisi välju kirjeldavad nn. kanoonilised suurused, millele operaatorväärtuse omistamise abil kvantiseeritakse vabad väljad (skalaarne, spiinor- ja vektorväli). Vastastikmõjuvad väljad kvantiseeritakse interaktsiooniesituses. Käsitletakse ka häiritusarvutust, normaal- ja kronoloogilisi korrutisi, Wick?i teoreemi, hajumismaatriksit, footoni hajumist elektronil jms.
Aine on vajalik fundamentaalfüüsika suuna magistrantidele.","In this lecture series we give a systematic introduction to quantum field theory. On the basis of the variation and symmetry priciples we introduce classical fields describing so-called canonical quantities whose operator valued description allow to quantise free fields (scalar, spinor and vector fields). The interacting fields are quantised in the interaction picture. We also deal with perturbative calculations, normal and time ordered products, Wick's theorem, the scattering matrix, the scattering of the photon with the electron etc. The subject is necessary for master students of physics.",Õppeaine eesmärgiks on tutvustada teise kvantiseerimise kaudu kvantväljade ja nende häiritusarvutusega.,The aim of this course is to introduce quantum fields and their perturbation theory via second quantization.,Aine läbinud õpilane: 1. tunneb teise kvantiseerimise omapärasid. 2. oskab arvutada teistkvantiseeritud väljadega. 3. teab Feynmani reegleid ja oskab nendega arvutada. 4. saab häritusarvutust rakendada lihtsate protsesside arvutamiseks.,"After the course, the student: 1. knows the special features of second quantisation. 2. is able to calculate with secondary quantised fields. 3. knows Feynman rules and is able to calculate with them. 4. is able to apply perturbation theory for the calculation of simple processes.","Miinimumnõuded: Koduste ülesannete õigeaegne esitamine õppejõule
Hindamismeetod: Hinde kujunemine: 
- kodused ülesanded
- eksam",(LOFY.04.073 (Kvantmehaanika) VÕI LTFY.04.001 (Kvantmehaanika)),Stefan Groote,"Ainekood: LOFY.04.041
Nimi (ET): Kvantväljateooria
Name (EN): Quantum Field Theory
EAP: 6.0
Semester: kevad
Õppekeeled: eesti keel
Õppeaste: magistriõpe, doktoriõpe
Hindamisskaala: Eristav (A, B, C, D, E, F, mi)
Õppeviis: põimõpe
Valdkond: loodus- ja täppisteaduste valdkond
Instituut: teoreetilise füüsika osakond
Kirjeldus (ET): Loengukursuses esitatakse süstemaatiline sissejuhatus kvantväljateooriasse. Lähtudes variatsioon- ja sümmeetriaprintsiipidest tuuakse sisse klassikalisi välju kirjeldavad nn. kanoonilised suurused, millele operaatorväärtuse omistamise abil kvantiseeritakse vabad väljad (skalaarne, spiinor- ja vektorväli). Vastastikmõjuvad väljad kvantiseeritakse interaktsiooniesituses. Käsitletakse ka häiritusarvutust, normaal- ja kronoloogilisi korrutisi, Wick?i teoreemi, hajumismaatriksit, footoni hajumist elektronil jms.
Aine on vajalik fundamentaalfüüsika suuna magistrantidele.
Description (EN): In this lecture series we give a systematic introduction to quantum field theory. On the basis of the variation and symmetry priciples we introduce classical fields describing so-called canonical quantities whose operator valued description allow to quantise free fields (scalar, spinor and vector fields). The interacting fields are quantised in the interaction picture. We also deal with perturbative calculations, normal and time ordered products, Wick's theorem, the scattering matrix, the scattering of the photon with the electron etc. The subject is necessary for master students of physics.
Eesmargid (ET): Õppeaine eesmärgiks on tutvustada teise kvantiseerimise kaudu kvantväljade ja nende häiritusarvutusega.
Objectives (EN): The aim of this course is to introduce quantum fields and their perturbation theory via second quantization.
Opiväljundid (ET): Aine läbinud õpilane: 1. tunneb teise kvantiseerimise omapärasid. 2. oskab arvutada teistkvantiseeritud väljadega. 3. teab Feynmani reegleid ja oskab nendega arvutada. 4. saab häritusarvutust rakendada lihtsate protsesside arvutamiseks.
Learning outcomes (EN): After the course, the student: 1. knows the special features of second quantisation. 2. is able to calculate with secondary quantised fields. 3. knows Feynman rules and is able to calculate with them. 4. is able to apply perturbation theory for the calculation of simple processes.
Hindamise info: Miinimumnõuded: Koduste ülesannete õigeaegne esitamine õppejõule
Hindamismeetod: Hinde kujunemine: 
- kodused ülesanded
- eksam
Eeldusained: (LOFY.04.073 (Kvantmehaanika) VÕI LTFY.04.001 (Kvantmehaanika))
Oppejoud: Stefan Groote"
ARSK.01.030,Endokrinoloogia,Endocrinology,2.25,kevad,inglise keel,Tartu linn,integreeritud bakalaureuse- ja magistriõpe,"Eristav (A, B, C, D, E, F, mi)",põimõpe,meditsiiniteaduste valdkond,sisekliinik,"Anda üliõpilastele üldised praktilised teadmised endokrinoloogiliste haiguste etiopatogeneesist, diagnoosmimisest, ravist ja preventsioonist","For Students Gives General Practical Knowledge in Ethiopathogenesis, Diagnosis, Treatment and Prevention of Endocrine Diseases.","Endokrinoloogia moodustab ühe osa õppeainest ""Sisehaigused"" (17AP),kursuse eesmärgiks on anda üliõpilastele üldised praktilised teadmised endokrinoloogiliste haiguste etiopatogeneesist, diagnoosimisest ja preventsioosist.","To Give Medical Students the Aim Knowledge of Endocrinology.
Teach them the Ethiopatogenesis, Symptoms, Diagnosis and Treatment of Endocrine Diseases.","Kursuse läbinud üliõpilased: - on omandanud teoreetilised teadmised sagedamini esinevate endokriinhaiguste epidemioloogiast, etioloogiast, patogeneesist ja kliinilisest sümptomaatikast - teavad, millised on endokriinhaiguste diagnoosimisel ja jälgimisel kasutatavad laboratoorsed ja instrumentaalsed uurimisvõimalused ja oskavad saadud tulemusi interpreteerida; tunnevad sagedamini esinevate endokriinhaiguste ravi ja jälgimise põhimõtteid - oskavad küsitleda ja uurida endokriinhaigusega (või selle kahtlusega) patsienti - oskavad iseseisvalt küsitleda ja füüsikaliselt uurida diabeediga patsienti (diabeetilise neuropaatia hindamine); oskavad teha põhjendatud otsuseid diabeediga patsiendi ravi muutmise vajaduse osas; teavad, kuidas uurida ja jälgida patsienti diabeedi tüsistuste suhtes - teavad diabeedi ravis kasutatavaid ravimigruppe, nende peamisi kõrvaltoimeid ning diabeedi ravi ja jälgimise põhimõtteid - tunnevad ära erakorralist arstiabi vajava endokriinhaigusega patsiendi ja oskavad osutada vajalikku abi eriolukordades (ägedad diabeedi tüsistused, neerupealiste puudulikkus)","Students that have passed this course: - have acquired knowledge of the epidemiology, etiology, pathogenesis and clinical symptoms of the most common endocrine diseases - are aware of and can interpret the instrumental and laboratory research methods used in diagnosing and monitoring endocrine diseases; know the principles of treating and monitoring the most common endocrine diseases - know how to interview and examine a patient with an endocrine disease (or suspected) - are able to independently interview and physically study a diabetic patient (assessment of diabetic neuropathy); can make research-based decisions regarding the alteration of the treatment of a diabetic patient; know how to examine and monitor a patient for complications caused by diabetes - are familiar with the different groups and know the major side effects of medication used in the treatment of diabetes - recognize a patient with endocrine disease that needs emergency care and can administer treatment in case of emergency (acute complications of diabetes, adrenal insufficiency)","Miinimumnõuded: Praktikumidest osavõtt ja arvestuse sooritamine.
Hindamismeetod: Moodustab ühe osa sisehaiguste eksamist. Eriala osakaal eksami hindes on igal aastal erinev ja määratakse eksami korraldaja poolt. Haigusloo positiivne hinne, kirjalik eksam.",,"Ingrid Reppo, Olga Gusseva, Piia Muru, Sille Kaseleht, Vallo Volke","Ainekood: ARSK.01.030
Nimi (ET): Endokrinoloogia
Name (EN): Endocrinology
EAP: 2.25
Semester: kevad
Õppekeeled: inglise keel
Linn: Tartu linn
Õppeaste: integreeritud bakalaureuse- ja magistriõpe
Hindamisskaala: Eristav (A, B, C, D, E, F, mi)
Õppeviis: põimõpe
Valdkond: meditsiiniteaduste valdkond
Instituut: sisekliinik
Kirjeldus (ET): Anda üliõpilastele üldised praktilised teadmised endokrinoloogiliste haiguste etiopatogeneesist, diagnoosmimisest, ravist ja preventsioonist
Description (EN): For Students Gives General Practical Knowledge in Ethiopathogenesis, Diagnosis, Treatment and Prevention of Endocrine Diseases.
Eesmargid (ET): Endokrinoloogia moodustab ühe osa õppeainest ""Sisehaigused"" (17AP),kursuse eesmärgiks on anda üliõpilastele üldised praktilised teadmised endokrinoloogiliste haiguste etiopatogeneesist, diagnoosimisest ja preventsioosist.
Objectives (EN): To Give Medical Students the Aim Knowledge of Endocrinology.
Teach them the Ethiopatogenesis, Symptoms, Diagnosis and Treatment of Endocrine Diseases.
Opiväljundid (ET): Kursuse läbinud üliõpilased: - on omandanud teoreetilised teadmised sagedamini esinevate endokriinhaiguste epidemioloogiast, etioloogiast, patogeneesist ja kliinilisest sümptomaatikast - teavad, millised on endokriinhaiguste diagnoosimisel ja jälgimisel kasutatavad laboratoorsed ja instrumentaalsed uurimisvõimalused ja oskavad saadud tulemusi interpreteerida; tunnevad sagedamini esinevate endokriinhaiguste ravi ja jälgimise põhimõtteid - oskavad küsitleda ja uurida endokriinhaigusega (või selle kahtlusega) patsienti - oskavad iseseisvalt küsitleda ja füüsikaliselt uurida diabeediga patsienti (diabeetilise neuropaatia hindamine); oskavad teha põhjendatud otsuseid diabeediga patsiendi ravi muutmise vajaduse osas; teavad, kuidas uurida ja jälgida patsienti diabeedi tüsistuste suhtes - teavad diabeedi ravis kasutatavaid ravimigruppe, nende peamisi kõrvaltoimeid ning diabeedi ravi ja jälgimise põhimõtteid - tunnevad ära erakorralist arstiabi vajava endokriinhaigusega patsiendi ja oskavad osutada vajalikku abi eriolukordades (ägedad diabeedi tüsistused, neerupealiste puudulikkus)
Learning outcomes (EN): Students that have passed this course: - have acquired knowledge of the epidemiology, etiology, pathogenesis and clinical symptoms of the most common endocrine diseases - are aware of and can interpret the instrumental and laboratory research methods used in diagnosing and monitoring endocrine diseases; know the principles of treating and monitoring the most common endocrine diseases - know how to interview and examine a patient with an endocrine disease (or suspected) - are able to independently interview and physically study a diabetic patient (assessment of diabetic neuropathy); can make research-based decisions regarding the alteration of the treatment of a diabetic patient; know how to examine and monitor a patient for complications caused by diabetes - are familiar with the different groups and know the major side effects of medication used in the treatment of diabetes - recognize a patient with endocrine disease that needs emergency care and can administer treatment in case of emergency (acute complications of diabetes, adrenal insufficiency)
Hindamise info: Miinimumnõuded: Praktikumidest osavõtt ja arvestuse sooritamine.
Hindamismeetod: Moodustab ühe osa sisehaiguste eksamist. Eriala osakaal eksami hindes on igal aastal erinev ja määratakse eksami korraldaja poolt. Haigusloo positiivne hinne, kirjalik eksam.
Oppejoud: Ingrid Reppo, Olga Gusseva, Piia Muru, Sille Kaseleht, Vallo Volke"
ARSK.03.007,Laboratoorne meditsiin,Laboratory Medicine,1.5,kevad,"eesti keel, inglise keel",Tartu linn,integreeritud bakalaureuse- ja magistriõpe,"Eristamata (arv, m.arv, mi)",põimõpe,meditsiiniteaduste valdkond,sisekliinik,"Tsükli vältel õpitakse tundma laboratoorse meditsiini põhimõisteid ja sagedasemate laboratoorsete uuringute kasutusvõimalusi. Tehakse praktilisi töid vere- ja uriini preparaate mikroskopeerides, glükoosi ainevahetuse interpreteerimisel. Harjutatakse laboratoorsete tulemuste seostamist teiste haige ja terve inimese seisundi kliiniliste näitajatega. Tegemist on ühe osaga diagnostika aluste kursusest.","During the class the students explore basic concepts of laboratory medicine and possibilities to use most frequent lab investigations. They perform practical exercises by microscopy of the blood and urine sediment specimens, by interpreting changes in glucose metabolism. They practice how to couple laboratory results with other clinical indicators of the status of the ill and healthy individual. The class is a part of the course of Fundamentals of the diagnostics.","Omandada laboratoorse meditsiini põhimõisted (terminoloogia, uuringute tulemuste kriitiline hindamine), sagedasemate hematoloogiliste ja biokeemiliste testide praktiline käsitlus.","To obtain basic concepts of laboratory medicine (terms, critical evaluation of the results of the lab investigations), pracical treatment of the most frequent hematological and biochemical tests.","Tsükli edukalt läbinud üliõpilased 1. tunnevad laboratoorse meditsiini põhimõisteid, 2. oskavad haiget instrueerida labori uuringute eel, et minimeerida preanalüütiliste tegurite mõju tulemustele, 3. oskavad tõlgendada suuremaid kõrvalekaldeid sagedasemates hematoloogilistes uuringutes, 4. oskavad määrata glükoosi taset veres ja tulemusi tõlgendada, 5. teavad elutähtsate laboratoorsete parameetrite kriitilisi väärtusi, 6. oskavad teha otsuseid laboratoorsete näitajate muutuse olulisuse kohta, arvesse võttes analüüdi bioloogilist varieeruvust.","The students who have successfully passed the class 1. know the basic concepts of laboratory medicine, 2. can instruct a patient before the lab tests in order to minimize the effect of preanalytical factors to the results, 3. are able to interprete major deviations in most frequent hematological investigations, 4. are able to assay the level of glucose in blood and comment the results, 5. know critical values of the vital laboratory parameters, 6. can make decisions on reference change values, taking into consideration biological variantion of the corresponding analyte.","Miinimumnõuded: Osalemine seminarides ja praktikumides, lävendi ületamine seminari eelsetes testides Moodlis
Hindamismeetod: Lõputesti alusel",,"Kaja Vaagen, Kalle Kisand, Kristiina Kurg, Mailis Tõnisson","Ainekood: ARSK.03.007
Nimi (ET): Laboratoorne meditsiin
Name (EN): Laboratory Medicine
EAP: 1.5
Semester: kevad
Õppekeeled: eesti keel, inglise keel
Linn: Tartu linn
Õppeaste: integreeritud bakalaureuse- ja magistriõpe
Hindamisskaala: Eristamata (arv, m.arv, mi)
Õppeviis: põimõpe
Valdkond: meditsiiniteaduste valdkond
Instituut: sisekliinik
Kirjeldus (ET): Tsükli vältel õpitakse tundma laboratoorse meditsiini põhimõisteid ja sagedasemate laboratoorsete uuringute kasutusvõimalusi. Tehakse praktilisi töid vere- ja uriini preparaate mikroskopeerides, glükoosi ainevahetuse interpreteerimisel. Harjutatakse laboratoorsete tulemuste seostamist teiste haige ja terve inimese seisundi kliiniliste näitajatega. Tegemist on ühe osaga diagnostika aluste kursusest.
Description (EN): During the class the students explore basic concepts of laboratory medicine and possibilities to use most frequent lab investigations. They perform practical exercises by microscopy of the blood and urine sediment specimens, by interpreting changes in glucose metabolism. They practice how to couple laboratory results with other clinical indicators of the status of the ill and healthy individual. The class is a part of the course of Fundamentals of the diagnostics.
Eesmargid (ET): Omandada laboratoorse meditsiini põhimõisted (terminoloogia, uuringute tulemuste kriitiline hindamine), sagedasemate hematoloogiliste ja biokeemiliste testide praktiline käsitlus.
Objectives (EN): To obtain basic concepts of laboratory medicine (terms, critical evaluation of the results of the lab investigations), pracical treatment of the most frequent hematological and biochemical tests.
Opiväljundid (ET): Tsükli edukalt läbinud üliõpilased 1. tunnevad laboratoorse meditsiini põhimõisteid, 2. oskavad haiget instrueerida labori uuringute eel, et minimeerida preanalüütiliste tegurite mõju tulemustele, 3. oskavad tõlgendada suuremaid kõrvalekaldeid sagedasemates hematoloogilistes uuringutes, 4. oskavad määrata glükoosi taset veres ja tulemusi tõlgendada, 5. teavad elutähtsate laboratoorsete parameetrite kriitilisi väärtusi, 6. oskavad teha otsuseid laboratoorsete näitajate muutuse olulisuse kohta, arvesse võttes analüüdi bioloogilist varieeruvust.
Learning outcomes (EN): The students who have successfully passed the class 1. know the basic concepts of laboratory medicine, 2. can instruct a patient before the lab tests in order to minimize the effect of preanalytical factors to the results, 3. are able to interprete major deviations in most frequent hematological investigations, 4. are able to assay the level of glucose in blood and comment the results, 5. know critical values of the vital laboratory parameters, 6. can make decisions on reference change values, taking into consideration biological variantion of the corresponding analyte.
Hindamise info: Miinimumnõuded: Osalemine seminarides ja praktikumides, lävendi ületamine seminari eelsetes testides Moodlis
Hindamismeetod: Lõputesti alusel
Oppejoud: Kaja Vaagen, Kalle Kisand, Kristiina Kurg, Mailis Tõnisson"
MJRI.09.027,Sissejuhatus majandusteooriasse,Introduction to Economics,6.0,kevad,eesti keel,,bakalaureuseõpe,"Eristav (A, B, C, D, E, F, mi)",põimõpe,sotsiaalteaduste valdkond,majandusteooria õppetool,"Käsitletakse majandusteooria põhialuseid, erinevaid majandusteoreetilisi kontseptsioone ning majandusteooria ja majanduspoliitika seoseid.","The fundamentals of the economics, different theoretical concepts of economics and the connections between the economic theory and the economic policy are dealt with.",Kursuse eesmärgiks on tutvustada üliõpilastele majanduse toimimise ja selle majandusteadusliku uurimise põhialuseid.,The objective of the course is to introduce the basic principles of the operation of economy and its scientific research to students.,"Aine läbinud üliõpilane: * mõistab majanduse kui terviku toimimise mehhanisme; * tunneb mikro- ja makroökonoomilise majandusmudeli ülesehituse loogikat, tehtavaid eeldusi ja võimalikke järeldusi; * oskab majandusteooria käsitletavaid standardolukordi analüüsida verbaalse, graafilise ja matemaatilise mudeli kujul; * oskab kirjeldada majanduspraktikas esile tulevaid probleeme teoreetilise mudelina; * suudab kriitiliselt hinnata sellise mudeli praktilise rakendamise võimalusi; * on konkreetsete mudelite näitel tutvunud probleemide abstraktse analüüsi võimalustega ja suudab neid oskusi kasutada oma edaspidistes õpingutes ja erialases töös.","A student who has passed the subject: * understands the operating mechanisms of the economy as a whole; * knows the logic of the structure of the micro- and macroeconomics` model of economy, the premises and the possible conclusions; * can analyse the standard situations dealt with in economic theory on the basis of a verbal, graphic and mathematical model; * can describe the problems which arise in economic practice as a theoretical model; * can critically assess the practical application possibilities of such a model; * has, on the basis of concrete models, become acquainted with the problems` abstract analysis possibilities and can use these skills in further studies and professional work.","Miinimumnõuded: Järeleksamile pääsemiseks peavad olema sooritatud kõik moodle testid ja vähemalt 1 kontrolltöö.
Hindamismeetod: Kursuse lõpphinne kujuneb jooksva töö tulemuste summana. Kokku on võimalik saada 100 punkti, millest kumbki kontrolltöö annab 35 punkti, on-line testid moodles 20 punkti ja rühmatöö koos ettekandega 10 punkti. Kõik hinnatavad tegevused (välja arvatud rühmatöö) on kohustuslikud. Kui jooksva töö punktisumma jääb alla 51% lävendi, tuleb sessi ajal sooritada korduseksam.

Hindamisel lähtutakse Tartu Ülikooli Õppekorralduseeskirja punktist 93. (ÕKE, jõustunud 31.01.2020)
https://www.ut.ee/et/oppimine/uliopilasele/oppekorraldusest

Hinne kujuneb järgnevalt saadud punktide põhjal:
Hinne A (""suurepärane"") 91-100 punkti
Hinne B (""väga hea"") 81-90 punkti
Hinne C (""hea"") 71-80 punkti
Hinne D (""rahuldav"") 61-70 punkti
Hinne E (""kasin"") 51-60 punkti
Hinne F (""puudulik"") 50 punkti ja vähem",,"Raul Omel, Riia Eratalay","Ainekood: MJRI.09.027
Nimi (ET): Sissejuhatus majandusteooriasse
Name (EN): Introduction to Economics
EAP: 6.0
Semester: kevad
Õppekeeled: eesti keel
Õppeaste: bakalaureuseõpe
Hindamisskaala: Eristav (A, B, C, D, E, F, mi)
Õppeviis: põimõpe
Valdkond: sotsiaalteaduste valdkond
Instituut: majandusteooria õppetool
Kirjeldus (ET): Käsitletakse majandusteooria põhialuseid, erinevaid majandusteoreetilisi kontseptsioone ning majandusteooria ja majanduspoliitika seoseid.
Description (EN): The fundamentals of the economics, different theoretical concepts of economics and the connections between the economic theory and the economic policy are dealt with.
Eesmargid (ET): Kursuse eesmärgiks on tutvustada üliõpilastele majanduse toimimise ja selle majandusteadusliku uurimise põhialuseid.
Objectives (EN): The objective of the course is to introduce the basic principles of the operation of economy and its scientific research to students.
Opiväljundid (ET): Aine läbinud üliõpilane: * mõistab majanduse kui terviku toimimise mehhanisme; * tunneb mikro- ja makroökonoomilise majandusmudeli ülesehituse loogikat, tehtavaid eeldusi ja võimalikke järeldusi; * oskab majandusteooria käsitletavaid standardolukordi analüüsida verbaalse, graafilise ja matemaatilise mudeli kujul; * oskab kirjeldada majanduspraktikas esile tulevaid probleeme teoreetilise mudelina; * suudab kriitiliselt hinnata sellise mudeli praktilise rakendamise võimalusi; * on konkreetsete mudelite näitel tutvunud probleemide abstraktse analüüsi võimalustega ja suudab neid oskusi kasutada oma edaspidistes õpingutes ja erialases töös.
Learning outcomes (EN): A student who has passed the subject: * understands the operating mechanisms of the economy as a whole; * knows the logic of the structure of the micro- and macroeconomics` model of economy, the premises and the possible conclusions; * can analyse the standard situations dealt with in economic theory on the basis of a verbal, graphic and mathematical model; * can describe the problems which arise in economic practice as a theoretical model; * can critically assess the practical application possibilities of such a model; * has, on the basis of concrete models, become acquainted with the problems` abstract analysis possibilities and can use these skills in further studies and professional work.
Hindamise info: Miinimumnõuded: Järeleksamile pääsemiseks peavad olema sooritatud kõik moodle testid ja vähemalt 1 kontrolltöö.
Hindamismeetod: Kursuse lõpphinne kujuneb jooksva töö tulemuste summana. Kokku on võimalik saada 100 punkti, millest kumbki kontrolltöö annab 35 punkti, on-line testid moodles 20 punkti ja rühmatöö koos ettekandega 10 punkti. Kõik hinnatavad tegevused (välja arvatud rühmatöö) on kohustuslikud. Kui jooksva töö punktisumma jääb alla 51% lävendi, tuleb sessi ajal sooritada korduseksam.

Hindamisel lähtutakse Tartu Ülikooli Õppekorralduseeskirja punktist 93. (ÕKE, jõustunud 31.01.2020)
https://www.ut.ee/et/oppimine/uliopilasele/oppekorraldusest

Hinne kujuneb järgnevalt saadud punktide põhjal:
Hinne A (""suurepärane"") 91-100 punkti
Hinne B (""väga hea"") 81-90 punkti
Hinne C (""hea"") 71-80 punkti
Hinne D (""rahuldav"") 61-70 punkti
Hinne E (""kasin"") 51-60 punkti
Hinne F (""puudulik"") 50 punkti ja vähem
Oppejoud: Raul Omel, Riia Eratalay"
LOFY.04.035,Matemaatilise füüsika võrrandid,Equations of Mathematical Physics,6.0,kevad,eesti keel,,bakalaureuseõpe,"Eristav (A, B, C, D, E, F, mi)",põimõpe,loodus- ja täppisteaduste valdkond,teoreetilise füüsika osakond,"Loengukursus sisaldab järgmisi teemasid: ODVde struktuur, klassifikatsioon ja lihtsustamine. ODVd füüsikas. Alg- ja ääretingimused ODVde jaoks. Matemaatilise füüsika ülesannete liigid. Fourier' meetod. Sturm-Liouville'i rajaülesanne. Integraalteisendused. Spetsiaalfunktsioonid. Ülekandeprotsesse kirjeldavad võrrandid. Lainevõrrandid. Statsionaarsed võrrandid.","The lecture course covers the following topics: The structure, classification and simplification of PDEs. PDEs in physics. The initial and boundary conditions for PDEs. The types of the problems of mathematical physics. Fourier method. Sturm-Liouville boundary problem. Integral transformations. Special functions. Heat equations. Wave equations. Stationary equations.",Loengukursuse eesmärgiks on õppida tundma teist järku lineaarsete osatuletistega diferentsiaalvõrrandite (ODV) olulisemaid lahendusmeetodeid ning sellega seotud matemaatilist aparatuuri. Erilist tähelepanu pööratakse Greeni funktsiooni meetodi kasutamisele.,The objective of the course is to acquire the most important methods of solving the second order linear partial differential equations (PDE) and the relevant mathematical tools. Special attention is paid to the application of the method of Green's function.,Aine läbinud üliõpilane: 1. Oskab ODVsid klassifitseerida ja lihtsustada; 2. On võimeline koostama lihtsamaid füüsikalisi protsesse ja nähtusi kirjeldavaid ODVsid; 3. Oskab kasutada muutujate eraldamise meetodit ODVde lahendamiseks; 4. Oskab kasutada Greeni funktsiooni meetodit ODVde lahendamiseks; 5. Oskab kasutada Fourier' ja Laplace'i teisendusi ODVde lahendamiseks. 6. Tunneb ja on võimeline kasutama olulisemaid spetsiaalfunktsioone.,"After the course, the student: 1. Knows how to classify and simplify the PDEs; 2. Is able to compile a PDE to describe some simple physical processes and phenomena; 3. Is capable of applying the separation of variables to solve PDEs; 4. Is capable of applying the method of Green's function to solve PDEs; 5. Is capable of applying the Fourier and Laplace integral transforms to solve PDEs; 6. Knows and is able to make use of the most important special functions.","Miinimumnõuded: o Eksamile (sh korduseksamile) pääsemiseks peab üliõpilasel eksamisessiooni alguseks so 1. juuniks 2026 olema kogutud nelja koduse töö eest vähemalt 23 punkti (p). 
 o Kirjalik eksam: 04.06.2026; 10.06.2026.

 o Korduseksam: 19.06.2026.
 

 o Üliõpilasel tuleb eksamile (sh korduseksamile) ÕIS-is registreeruda ning kirjutada eksamitöö registreeritud kuupäeval.
Hindamismeetod: * Koondtulemuseks on maksimaalselt 100 p, mis kujuneb järgnevalt:
 --kolm testi Moodle's - kokku maksimaalselt 3x3=9 p;
 --neli kodust tööd - kokku maksimaalselt 3+(3×14)=45 p;
 --kirjalik eksam - maksimaalselt 46 p.
 
 * Hinne: F koondtulemus alla 51 p või eksamitulemus alla 23 p; E 51-60 p; D 61-70 p; C 71-80 p; B 81-90 p; A 91-100 p.
 
 * Positiivsed tulemused on hindamisskaalal hinded A, B, C, D, E.
 
 * Kursuse läbimiseks positiivse tulemusega peab eksamitulemus olema vähemalt 23 punkti.
 
 * Moodle'i testidel soorituspiir puudub.
 
 * Eksamisessiooni alguseks so 1. juuniks 2026 peab nelja koduse töö punktisumma olema vähemalt 23 punkti.
 
 
 V Eksamisessiooni sees on valida kahe eksamiaja vahel.
 
 V Koduste tööde ja Moodle'i testide toimumise ajavahemikud on toodud ÕISis ainekava (so õppeaine versiooni) ajakavas ja keskkonnas Moodle.
 
 V Punktide seisust saab üliõpilane ülevaate keskkonnas Moodle seadistuste plokis lingist Hinded.",(LTFY.04.013 (Matemaatiline füüsika) VÕI LTFY.04.002 (Matemaatiline füüsika)),Küllike Rägo,"Ainekood: LOFY.04.035
Nimi (ET): Matemaatilise füüsika võrrandid
Name (EN): Equations of Mathematical Physics
EAP: 6.0
Semester: kevad
Õppekeeled: eesti keel
Õppeaste: bakalaureuseõpe
Hindamisskaala: Eristav (A, B, C, D, E, F, mi)
Õppeviis: põimõpe
Valdkond: loodus- ja täppisteaduste valdkond
Instituut: teoreetilise füüsika osakond
Kirjeldus (ET): Loengukursus sisaldab järgmisi teemasid: ODVde struktuur, klassifikatsioon ja lihtsustamine. ODVd füüsikas. Alg- ja ääretingimused ODVde jaoks. Matemaatilise füüsika ülesannete liigid. Fourier' meetod. Sturm-Liouville'i rajaülesanne. Integraalteisendused. Spetsiaalfunktsioonid. Ülekandeprotsesse kirjeldavad võrrandid. Lainevõrrandid. Statsionaarsed võrrandid.
Description (EN): The lecture course covers the following topics: The structure, classification and simplification of PDEs. PDEs in physics. The initial and boundary conditions for PDEs. The types of the problems of mathematical physics. Fourier method. Sturm-Liouville boundary problem. Integral transformations. Special functions. Heat equations. Wave equations. Stationary equations.
Eesmargid (ET): Loengukursuse eesmärgiks on õppida tundma teist järku lineaarsete osatuletistega diferentsiaalvõrrandite (ODV) olulisemaid lahendusmeetodeid ning sellega seotud matemaatilist aparatuuri. Erilist tähelepanu pööratakse Greeni funktsiooni meetodi kasutamisele.
Objectives (EN): The objective of the course is to acquire the most important methods of solving the second order linear partial differential equations (PDE) and the relevant mathematical tools. Special attention is paid to the application of the method of Green's function.
Opiväljundid (ET): Aine läbinud üliõpilane: 1. Oskab ODVsid klassifitseerida ja lihtsustada; 2. On võimeline koostama lihtsamaid füüsikalisi protsesse ja nähtusi kirjeldavaid ODVsid; 3. Oskab kasutada muutujate eraldamise meetodit ODVde lahendamiseks; 4. Oskab kasutada Greeni funktsiooni meetodit ODVde lahendamiseks; 5. Oskab kasutada Fourier' ja Laplace'i teisendusi ODVde lahendamiseks. 6. Tunneb ja on võimeline kasutama olulisemaid spetsiaalfunktsioone.
Learning outcomes (EN): After the course, the student: 1. Knows how to classify and simplify the PDEs; 2. Is able to compile a PDE to describe some simple physical processes and phenomena; 3. Is capable of applying the separation of variables to solve PDEs; 4. Is capable of applying the method of Green's function to solve PDEs; 5. Is capable of applying the Fourier and Laplace integral transforms to solve PDEs; 6. Knows and is able to make use of the most important special functions.
Hindamise info: Miinimumnõuded: o Eksamile (sh korduseksamile) pääsemiseks peab üliõpilasel eksamisessiooni alguseks so 1. juuniks 2026 olema kogutud nelja koduse töö eest vähemalt 23 punkti (p). 
 o Kirjalik eksam: 04.06.2026; 10.06.2026.

 o Korduseksam: 19.06.2026.
 

 o Üliõpilasel tuleb eksamile (sh korduseksamile) ÕIS-is registreeruda ning kirjutada eksamitöö registreeritud kuupäeval.
Hindamismeetod: * Koondtulemuseks on maksimaalselt 100 p, mis kujuneb järgnevalt:
 --kolm testi Moodle's - kokku maksimaalselt 3x3=9 p;
 --neli kodust tööd - kokku maksimaalselt 3+(3×14)=45 p;
 --kirjalik eksam - maksimaalselt 46 p.
 
 * Hinne: F koondtulemus alla 51 p või eksamitulemus alla 23 p; E 51-60 p; D 61-70 p; C 71-80 p; B 81-90 p; A 91-100 p.
 
 * Positiivsed tulemused on hindamisskaalal hinded A, B, C, D, E.
 
 * Kursuse läbimiseks positiivse tulemusega peab eksamitulemus olema vähemalt 23 punkti.
 
 * Moodle'i testidel soorituspiir puudub.
 
 * Eksamisessiooni alguseks so 1. juuniks 2026 peab nelja koduse töö punktisumma olema vähemalt 23 punkti.
 
 
 V Eksamisessiooni sees on valida kahe eksamiaja vahel.
 
 V Koduste tööde ja Moodle'i testide toimumise ajavahemikud on toodud ÕISis ainekava (so õppeaine versiooni) ajakavas ja keskkonnas Moodle.
 
 V Punktide seisust saab üliõpilane ülevaate keskkonnas Moodle seadistuste plokis lingist Hinded.
Eeldusained: (LTFY.04.013 (Matemaatiline füüsika) VÕI LTFY.04.002 (Matemaatiline füüsika))
Oppejoud: Küllike Rägo"
MTMM.00.007,Eesti keele suuline ja kirjalik väljendusõpetus,Estonian Orthography and Creative Composition,2.0,kevad,eesti keel,Tartu linn,bakalaureuseõpe,"Eristamata (arv, m.arv, mi)",lähiõpe,loodus- ja täppisteaduste valdkond,matemaatika ja statistika instituut,"Kursusel keskendutakse eestikeelse lõputöö kirjutamise ja suulise tutvustamise toetamisele.
Üldised teemad:
- teadustekst (viitamine, oskussõnavara),
- erialainfootsing,
- akadeemiline esinemine,
- matemaatilise teksti vormistamine,
- lõputöö vormistamise ja kaitsmise põhiprintsiibid.",The course tackles with the practical questions of writing and oral presentation of the bachelor thesis .,"Kursuse eesmärgiks on
1) tõsta matemaatika bakalaureuseõppe lõpetajate konkurentsivõimet tööturul, toetades selleks õppijate erialase eestikeelse eneseväljendusoskuse arengut,
2) toetada õppijaid lõputöö korrektsel (nii keeleliselt kui tehniliselt) vormistamisel,
3) toetada õppijaid lõputöö kaitsmiseks valmistumisel.",To learn to express his/her ideas in correct Estonian in creative and orthographical form. This course is necessary for writing his the Graduation Thesis in Estonian.,"Kursuse läbinud üliõpilane 1) mõistab eneseväljendusoskuse tähtsust (sh. lõputöö koostamise ning esitamise kontekstis),
2) teab põhilisi reaalteaduste üliõpilaste kirjalikes töödes esinevaid õigekeelsusprobleeme ning oskab neid vältida,
3) teab teadusliku ning populaarteadusliku teksti erinevusi,
4) teab avaliku esinemise põhiprintsiipe ning oskab neid rakendada oma uurimisküsimuse avalikul esitusel,
5) oskab planeerida lõpptähtajast tulenevaid vahetähtaegu ja neid järgida,
6) tunneb matemaatika / matemaatilise statistika lõputööde vormistuspõhimõtteid,
7) on saanud kogemuse lõputöö proovikaitsmisest, eesmärgiga parandada tegeliku kaitsmise kvaliteeti.","After passing the course student 1. is able to express his/her ideas in correct Estonian;
2. knows the rules how to write the mathematical text in general;
3. knows how to write mathematical text correctly in Estonian;","Miinimumnõuded: 1. Osalemine vähemalt 10 seminaris.
2. Oma uurimistööst (bakalaureusetööst) kahe suulise ettekande tegemine.
3. Oma uurimistöö lõplikult LaTeXis vormistatud osa (5 lk) esitamine.
Hindamismeetod: Lõpphinne kujuneb seminarides osalemise, ettekannete ja kirjaliku osa põhjal.",,Urve Kangro,"Ainekood: MTMM.00.007
Nimi (ET): Eesti keele suuline ja kirjalik väljendusõpetus
Name (EN): Estonian Orthography and Creative Composition
EAP: 2.0
Semester: kevad
Õppekeeled: eesti keel
Linn: Tartu linn
Õppeaste: bakalaureuseõpe
Hindamisskaala: Eristamata (arv, m.arv, mi)
Õppeviis: lähiõpe
Valdkond: loodus- ja täppisteaduste valdkond
Instituut: matemaatika ja statistika instituut
Kirjeldus (ET): Kursusel keskendutakse eestikeelse lõputöö kirjutamise ja suulise tutvustamise toetamisele.
Üldised teemad:
- teadustekst (viitamine, oskussõnavara),
- erialainfootsing,
- akadeemiline esinemine,
- matemaatilise teksti vormistamine,
- lõputöö vormistamise ja kaitsmise põhiprintsiibid.
Description (EN): The course tackles with the practical questions of writing and oral presentation of the bachelor thesis .
Eesmargid (ET): Kursuse eesmärgiks on
1) tõsta matemaatika bakalaureuseõppe lõpetajate konkurentsivõimet tööturul, toetades selleks õppijate erialase eestikeelse eneseväljendusoskuse arengut,
2) toetada õppijaid lõputöö korrektsel (nii keeleliselt kui tehniliselt) vormistamisel,
3) toetada õppijaid lõputöö kaitsmiseks valmistumisel.
Objectives (EN): To learn to express his/her ideas in correct Estonian in creative and orthographical form. This course is necessary for writing his the Graduation Thesis in Estonian.
Opiväljundid (ET): Kursuse läbinud üliõpilane 1) mõistab eneseväljendusoskuse tähtsust (sh. lõputöö koostamise ning esitamise kontekstis),
2) teab põhilisi reaalteaduste üliõpilaste kirjalikes töödes esinevaid õigekeelsusprobleeme ning oskab neid vältida,
3) teab teadusliku ning populaarteadusliku teksti erinevusi,
4) teab avaliku esinemise põhiprintsiipe ning oskab neid rakendada oma uurimisküsimuse avalikul esitusel,
5) oskab planeerida lõpptähtajast tulenevaid vahetähtaegu ja neid järgida,
6) tunneb matemaatika / matemaatilise statistika lõputööde vormistuspõhimõtteid,
7) on saanud kogemuse lõputöö proovikaitsmisest, eesmärgiga parandada tegeliku kaitsmise kvaliteeti.
Learning outcomes (EN): After passing the course student 1. is able to express his/her ideas in correct Estonian;
2. knows the rules how to write the mathematical text in general;
3. knows how to write mathematical text correctly in Estonian;
Hindamise info: Miinimumnõuded: 1. Osalemine vähemalt 10 seminaris.
2. Oma uurimistööst (bakalaureusetööst) kahe suulise ettekande tegemine.
3. Oma uurimistöö lõplikult LaTeXis vormistatud osa (5 lk) esitamine.
Hindamismeetod: Lõpphinne kujuneb seminarides osalemise, ettekannete ja kirjaliku osa põhjal.
Oppejoud: Urve Kangro"
LTAT.03.021,Loogika arvutiteaduses,Logic in Computer Science,6.0,kevad,eesti keel,,bakalaureuseõpe,"Eristav (A, B, C, D, E, F, mi)",põimõpe,loodus- ja täppisteaduste valdkond,programmeerimiskeelte ja -süsteemide õppetool,"Kursus koosneb kolmest suuremast osast.

1. Esimeses osas tutvume lause- ja predikaatarvutuse tuletussüsteemidega. Käsitleme nii loomulikku tuletust kui ka Hilberti-tüüpi tuletust.

2. Teises osas teeme sissejuhatuse loogilisse programmeerimisesse. Uurime selle teoreetilist alust, resolutsioonimeetodit, ja praktilist realisatsiooni, programmeerimiskeelt Prolog.

3. Kolmandas osas vaatleme olulisemaid mitteklassikalisi loogikaid, mida programmide töö analüüsimisel ning nende korrektsuse tõestamisel vaja läheb.","The course consists of three main parts.

1. In the first part, we will study proof systems of propositional and predicate logic. We cover both natural deduction and Hilbert-style systems.

2. In the second part, we will introduce logical programming. We will study both its theoretical basis, the resolution method, and its practical realization, the programming language Prolog.

3. In the third part, we look at the most important non-classical logics, which are used to analyse the working of programs and to prove their correctness.","Aine eesmärk on anda ülevaade olulisematest loogikatest, mida kasutatakse arvutiteaduses ja väljaspool seda. Tutvume meetoditega, mille abil konstrueeritakse loogilisi arutlusi programmide ja süsteemide kohta ning uuritakse nende käitumist.",The objective of the course is to give an overview of the most important logics used in computer science and beyond. We will get acquainted with methods used to reason logically about programs and systems and to study their behavior.,"Üliõpilane oskab - defineerida ja selgitada tuletussüsteemide, loogilise programmeerimise ja mitteklassikaliste loogikatega (modaalloogika, ajaloogika, Hoare'i loogika) seotud põhilisi mõisteid; - tuletada antud aksioomide ja reeglitega tuletussüsteemis valemeid; - rakendada eelduste hulgast loogiliste järelduste tegemiseks resolutsioonimeetodit; - analüüsida programmide ja süsteemide käitumist ajaloogika abil; - tõestada lihtsamate programmide korrektsust programmiloogika abil.","The student will be able to - Define and explain basic concepts related to proof systems, logic programming and non-classical logics (modal logic, temporal logic, Hoare logic); - Derive formulas in a proof system with given axioms and rules; - Apply the resolution method to deduce conclusions from a set of premises; - Analyze the behavior of programs and systems using temporal logic; - Prove the correctness of simple programs using program logic.","Miinimumnõuded: Testidest + kodutöödest koguda vähemalt pooled punktid. Kontrolltööde arvestuslikud osad saada arvestatud. Projekti eest saada vähemalt nõutav arv punkte.
Hindamismeetod: Testid 16 × 0,5 p, max 7 p; kodutööd 13 × 1 p max 11 p; praktikumitööd 13 × 1 p, max 11 p; kontrolltööd 3 × 21 p; projekt 8 p; lisaülesanded 10 p. Kõik alampiirid peavad olema saavutatud.

Hindeskaala A >= 90, B >= 80, C >= 70, D >= 60, E >= 50, F < 50.",,"Danel Ahman, Reimo Palm","Ainekood: LTAT.03.021
Nimi (ET): Loogika arvutiteaduses
Name (EN): Logic in Computer Science
EAP: 6.0
Semester: kevad
Õppekeeled: eesti keel
Õppeaste: bakalaureuseõpe
Hindamisskaala: Eristav (A, B, C, D, E, F, mi)
Õppeviis: põimõpe
Valdkond: loodus- ja täppisteaduste valdkond
Instituut: programmeerimiskeelte ja -süsteemide õppetool
Kirjeldus (ET): Kursus koosneb kolmest suuremast osast.

1. Esimeses osas tutvume lause- ja predikaatarvutuse tuletussüsteemidega. Käsitleme nii loomulikku tuletust kui ka Hilberti-tüüpi tuletust.

2. Teises osas teeme sissejuhatuse loogilisse programmeerimisesse. Uurime selle teoreetilist alust, resolutsioonimeetodit, ja praktilist realisatsiooni, programmeerimiskeelt Prolog.

3. Kolmandas osas vaatleme olulisemaid mitteklassikalisi loogikaid, mida programmide töö analüüsimisel ning nende korrektsuse tõestamisel vaja läheb.
Description (EN): The course consists of three main parts.

1. In the first part, we will study proof systems of propositional and predicate logic. We cover both natural deduction and Hilbert-style systems.

2. In the second part, we will introduce logical programming. We will study both its theoretical basis, the resolution method, and its practical realization, the programming language Prolog.

3. In the third part, we look at the most important non-classical logics, which are used to analyse the working of programs and to prove their correctness.
Eesmargid (ET): Aine eesmärk on anda ülevaade olulisematest loogikatest, mida kasutatakse arvutiteaduses ja väljaspool seda. Tutvume meetoditega, mille abil konstrueeritakse loogilisi arutlusi programmide ja süsteemide kohta ning uuritakse nende käitumist.
Objectives (EN): The objective of the course is to give an overview of the most important logics used in computer science and beyond. We will get acquainted with methods used to reason logically about programs and systems and to study their behavior.
Opiväljundid (ET): Üliõpilane oskab - defineerida ja selgitada tuletussüsteemide, loogilise programmeerimise ja mitteklassikaliste loogikatega (modaalloogika, ajaloogika, Hoare'i loogika) seotud põhilisi mõisteid; - tuletada antud aksioomide ja reeglitega tuletussüsteemis valemeid; - rakendada eelduste hulgast loogiliste järelduste tegemiseks resolutsioonimeetodit; - analüüsida programmide ja süsteemide käitumist ajaloogika abil; - tõestada lihtsamate programmide korrektsust programmiloogika abil.
Learning outcomes (EN): The student will be able to - Define and explain basic concepts related to proof systems, logic programming and non-classical logics (modal logic, temporal logic, Hoare logic); - Derive formulas in a proof system with given axioms and rules; - Apply the resolution method to deduce conclusions from a set of premises; - Analyze the behavior of programs and systems using temporal logic; - Prove the correctness of simple programs using program logic.
Hindamise info: Miinimumnõuded: Testidest + kodutöödest koguda vähemalt pooled punktid. Kontrolltööde arvestuslikud osad saada arvestatud. Projekti eest saada vähemalt nõutav arv punkte.
Hindamismeetod: Testid 16 × 0,5 p, max 7 p; kodutööd 13 × 1 p max 11 p; praktikumitööd 13 × 1 p, max 11 p; kontrolltööd 3 × 21 p; projekt 8 p; lisaülesanded 10 p. Kõik alampiirid peavad olema saavutatud.

Hindeskaala A >= 90, B >= 80, C >= 70, D >= 60, E >= 50, F < 50.
Oppejoud: Danel Ahman, Reimo Palm"
